{"t\/U":{"0":0.0,"1":0.05,"2":0.1,"3":0.15,"4":0.2,"5":0.25,"6":0.3,"7":0.35,"8":0.4,"9":0.45,"10":0.5,"11":0.55,"12":0.6,"13":0.65,"14":0.7,"15":0.75,"16":0.8,"17":0.85,"18":0.9,"19":0.95},"mu_upper\/U":{"0":1.0,"1":0.8105988839,"2":0.6366440986,"3":0.490014025,"4":0.3738000388,"5":0.2741577365,"6":0.1801437471,"7":0.0880995584,"8":-0.0030390527,"9":-0.0937581486,"10":-0.184368294,"11":-0.2750702607,"12":-0.3659838601,"13":-0.4571730775,"14":-0.5486659765,"15":-0.6404686849,"16":-0.7325745658,"17":-0.824969999,"18":-0.9176379324,"19":-1.0105600164},"mu_lower\/U":{"0":0.0,"1":0.085393636,"2":0.142964218,"3":0.1617505441,"4":0.139553636,"5":0.0918035932,"6":0.0308018529,"7":-0.0385134283,"8":-0.1137745049,"9":-0.1933854853,"10":-0.2761900101,"11":-0.361362965,"12":-0.4483217039,"13":-0.5366533977,"14":-0.6260619502,"15":-0.7163314537,"16":-0.8073015929,"17":-0.8988511371,"18":-0.9908867823,"19":-1.083335515}}