{"t\/U":{"0":0.0,"1":0.05,"2":0.1,"3":0.15,"4":0.2,"5":0.25,"6":0.3,"7":0.35,"8":0.4,"9":0.45,"10":0.5,"11":0.55,"12":0.6,"13":0.65,"14":0.7,"15":0.75,"16":0.8,"17":0.85,"18":0.9,"19":0.95},"mu_upper\/U":{"0":1.0,"1":0.9926303705,"2":0.9809352538,"3":0.9601575997,"4":0.9250553943,"5":0.8766147032,"6":0.698830847,"7":0.4903549553,"8":0.3073232917,"9":0.3442164216,"10":0.3062419133,"11":0.0972849764,"12":-0.1597075653,"13":-0.3952429836,"14":-0.5331845678,"15":-0.7617920899,"16":-1.0720102585,"17":-1.4516639038,"18":-1.7535136951,"19":-1.9894989245},"mu_lower\/U":{"0":0.0,"1":0.0069295978,"2":0.023232274,"3":0.0495446957,"4":0.0855075131,"5":0.1299243463,"6":0.2465814751,"7":0.5344391459,"8":0.2945912822,"9":-0.0315974001,"10":-0.3006675028,"11":-0.3523071572,"12":-0.5071379354,"13":-0.6351236522,"14":-0.7705434674,"15":-0.9494848003,"16":-1.0325231995,"17":-1.1026761197,"18":-1.0995617216,"19":-1.1279638853}}