{"t\/U":{"0":0.0,"1":0.05,"2":0.1,"3":0.15,"4":0.2,"5":0.25,"6":0.3,"7":0.35,"8":0.4,"9":0.45,"10":0.5,"11":0.55,"12":0.6,"13":0.65,"14":0.7,"15":0.75,"16":0.8,"17":0.85,"18":0.9,"19":0.95},"mu_upper\/U":{"0":1.0,"1":0.8032389028,"2":0.6161753917,"3":0.4479437146,"4":0.3185614183,"5":0.2219567869,"6":0.1348859604,"7":0.0485435627,"8":-0.0389385657,"9":-0.1277860047,"10":-0.2178754142,"11":-0.309029241,"12":-0.4010835221,"13":-0.493900449,"14":-0.5873671633,"15":-0.6813916448,"16":-0.7758985897,"17":-0.8708259563,"18":-0.9661222268,"19":-1.0617442777},"mu_lower\/U":{"0":0.0,"1":0.0898701604,"2":0.1578032674,"3":0.1954322096,"4":0.1823622361,"5":0.1256017263,"6":0.050755925,"7":-0.0311987114,"8":-0.116822539,"9":-0.2047878607,"10":-0.2944328674,"11":-0.3853624037,"12":-0.477312892,"13":-0.5700961808,"14":-0.6635719086,"15":-0.7576320794,"16":-0.8521916514,"17":-0.9471824163,"18":-1.042548834,"19":-1.1382450952}}