{"density":[0.9977910696072557,1.001777078367911,1.000342272383919,1.000069196653012,1.000014956349087,1.000003087171327,1.0000001638822082,0.9999991931225383,0.9999985772741683,0.9999978957158939,0.9999969834486266,0.9999957118566142,0.9999939258323923,0.9999914137462265,0.9999878795593947,0.9999829072098241,0.999975911452242,0.9999660689164447,0.9999522211911397,0.999932738506693,0.9999053279104796,0.9998667633347454,0.9998125062323338,0.9997361708321684,0.9996287735441224,0.9994776748522332,0.999265091159821,0.9989660039907484,0.9985452131127973,0.9979531982402883,0.997120281836272,0.995948436971098,0.9942997518131287,0.9919801656194586,0.9887167054043439,0.9841250691348531,0.9776643038076179,0.9685712871222883,0.9557635410468792,0.9376722080415212,0.9119792915025906,0.8864976583363462,1.8332165102220013,0.8865009159076465,0.9119867106422478,0.9376824518881662,0.9557751299845328,0.9685839321489885,0.9776779435151934,0.9841387810498727,0.9887308957907786,0.9919940590526903,0.9943125601172849,0.9959598785230964,0.9971299967771773,0.9979607640783169,0.998549807515507,0.9989665464181964,0.9992601101062799,0.9994651946072136,0.9996060048885135,0.9996991663010386,0.9997557742977179,0.9997825135987976,0.9997825553482594,0.999755915345272,0.9996994287718368,0.9996063866319281,0.9994657424016734,0.9992608420525204,0.9989674374663923,0.9985508212035208,0.9979618230763161,0.9971310205898677,0.9959605552396904,0.9943126689829992,0.9919934566101167,0.9887300646291803,0.9841382448806758,0.9776768014681213,0.968583194975862,0.9557744966470488,0.9376822118952048,0.911985325397709,0.8865008439584725,1.8332159474741918,0.8864974902520054,0.9119791383320828,0.9376721883362014,0.9557635232801055,0.9685713677622831,0.977664334357647,0.9841251147111644,0.9887167438281983,0.9919802219017123,0.9942997852273191,0.9959484583791728,0.9971202933028166,0.9979531996954327,0.9985452081301439,0.9989659919538639,0.9992650741438509,0.9994776540198782,0.9996287502639466,0.9997361455641374,0.9998124792687577,0.9998667353685108,0.9999052992252666,0.9999327094121355,0.999952191871095,0.9999660395048303,0.9999758820452237,0.9999828778629307,0.9999878503009586,0.9999913845746825,0.9999938966616068,0.9999956823099112,0.9999969520492858,0.9999978567324307,0.9999985082705652,0.9999990045814119,0.9999994888620465,1.0000003662404742,1.000003223363621,1.0000150457814825,1.000069253175674,1.0003423060522507,1.0017770965091695,0.9977910779635977],"index":[0,1,2,3,4,5,6,7,8,9,10,11,12,13,14,15,16,17,18,19,20,21,22,23,24,25,26,27,28,29,30,31,32,33,34,35,36,37,38,39,40,41,42,43,44,45,46,47,48,49,50,51,52,53,54,55,56,57,58,59,60,61,62,63,64,65,66,67,68,69,70,71,72,73,74,75,76,77,78,79,80,81,82,83,84,85,86,87,88,89,90,91,92,93,94,95,96,97,98,99,100,101,102,103,104,105,106,107,108,109,110,111,112,113,114,115,116,117,118,119,120,121,122,123,124,125,126,127,128,129]}