{"density":[0.9975774626448402,1.0013327189819652,0.9995577938355484,0.998908130147249,0.9983523805264265,0.9977601355055282,0.9970603316956005,0.9962810410103236,0.995398142318098,0.9944173743739536,0.9932992605405077,0.9920786749629127,0.9907185784826552,0.9892441581832214,0.9876171772817399,0.9858200222310438,0.9838935013901478,0.9817562421466763,0.97961485668252,0.9773740969366278,0.975008745610811,0.9725355201413804,0.9700404948459098,0.9675359957100693,0.9651025575023003,0.9627909666490481,0.9608170138925426,0.959217128244628,0.9580592255402408,0.9574380661714553,0.9574553617146282,0.9581650954413851,0.9595528389841206,0.9616777592842308,0.9645925158861864,0.9681122406373958,0.9721820222027908,0.97653869554699,0.980653887259899,0.9827524951878887,0.9760107312755936,0.9402484501466454,2.149137735831654,0.9409355075687713,0.9789334005921997,0.9885985675755207,0.9898942824881769,0.9895308128867283,0.9889308535912366,0.9885884756309253,0.9885095218672506,0.9887146703125843,0.9891769337384467,0.9898341432970507,0.9906278742081726,0.9914848948245268,0.9923535823804249,0.9931846626729179,0.9939145572701965,0.9945080809693302,0.9949192895613573,0.9951174533940563,0.9950786480677242,0.9947804116515022,0.9942099114408169,0.9933574383931563,0.9922306083016109,0.9908366851964826,0.9892120021560129,0.9873898604611497,0.985442798377986,0.9834759775456197,0.9815531409075733,0.9798170179468011,0.9783647104692103,0.977491695452408,0.9770043332509385,0.9771554048718253,0.9780789579589523,0.9796189626584813,0.9816292638410437,0.9837308265307586,0.9842085284301493,0.9762896861122722,0.939897352939186,2.1490082954933962,0.9399140047853975,0.9762416243478148,0.9840734678307028,0.9833527502703218,0.9808208190875287,0.9780910102702539,0.9755974394785063,0.9735440132674472,0.9719069665155782,0.9707428044030559,0.9700365629947048,0.9697391605696026,0.9698006435720754,0.9701575459081451,0.970734481445967,0.9715044502226023,0.972441894380835,0.9735357795856957,0.9747678517189249,0.9760360968379821,0.9773944528702332,0.9788221640323718,0.9803318990819511,0.9818709250589719,0.9834186021885948,0.9849489024305669,0.986419254511186,0.9878062961520453,0.9891021008302756,0.9903313402592162,0.991553784736534,0.9926450289398443,0.9936753596837138,0.994652601776896,0.9955703976605225,0.9963911816357465,0.9971352541355817,0.997791221279238,0.9983737187285798,0.9989165444110952,0.9995805027948232,1.001340442234424,0.9975809502051294],"index":[0,1,2,3,4,5,6,7,8,9,10,11,12,13,14,15,16,17,18,19,20,21,22,23,24,25,26,27,28,29,30,31,32,33,34,35,36,37,38,39,40,41,42,43,44,45,46,47,48,49,50,51,52,53,54,55,56,57,58,59,60,61,62,63,64,65,66,67,68,69,70,71,72,73,74,75,76,77,78,79,80,81,82,83,84,85,86,87,88,89,90,91,92,93,94,95,96,97,98,99,100,101,102,103,104,105,106,107,108,109,110,111,112,113,114,115,116,117,118,119,120,121,122,123,124,125,126,127,128,129]}