{"density":[0.9977910985233672,1.0017771411429173,1.0003423888722107,1.000069392235384,1.0000152657240498,1.0000035583501032,1.0000008639663334,1.0000002161757313,1.0000000553517536,1.0000000144336303,1.000000003819782,1.0000000010233139,1.000000000276971,1.0000000000756308,1.0000000000208003,1.0000000000057585,1.0000000000016078,1.0000000000004385,1.0000000000001226,1.0000000000000098,0.9999999999999281,0.999999999999731,0.9999999999990775,0.9999999999967875,0.9999999999889378,0.9999999999616463,0.999999999867086,0.9999999995377392,0.9999999983881167,0.9999999943525186,0.9999999801328392,0.999999929803649,0.9999997499095565,0.9999991049264237,0.9999967705846388,0.9999882050329542,0.9999563900088538,0.9998357580722991,0.9993656238963682,0.9974548003264785,0.9891546041863648,0.9520647993233089,1.1243686893582703,0.9520648207267093,0.9891545766890527,0.9974547539762929,0.999365586142523,0.9998357406951544,0.9999563872167442,0.9999882095022192,0.9999967697231926,0.9999991054115615,0.9999997502932936,0.9999999296518456,0.9999999802092968,0.9999999943710097,0.9999999983901179,0.9999999995362167,0.9999999998658626,0.9999999999611636,0.9999999999887673,0.9999999999967383,0.9999999999990322,0.9999999999996444,0.9999999999996474,0.9999999999990425,0.9999999999967828,0.9999999999889199,0.9999999999616589,0.9999999998670078,0.9999999995377844,0.9999999983881132,0.9999999943549561,0.9999999801377331,0.9999999297593518,0.9999997502633297,0.9999991053367795,0.9999967695756667,0.9999882089787913,0.9999563870939482,0.9998357424627194,0.999365586194981,0.9974547496568846,0.9891545766596997,0.952064836257161,1.1243688004673447,0.9520648330497823,0.9891545679136025,0.9974547423885649,0.9993655805696731,0.999835738772297,0.9999563852185034,0.9999882098049023,0.999996769615142,0.9999991054920824,0.9999997502362051,0.9999999297754757,0.9999999801348827,0.9999999943525292,0.9999999983872624,0.9999999995377684,0.9999999998670343,0.9999999999616623,0.9999999999889198,0.9999999999967908,0.9999999999990709,0.9999999999997319,0.9999999999999236,0.9999999999999897,1.0000000000000338,1.0000000000001217,1.0000000000004536,1.0000000000016067,1.0000000000057638,1.000000000020811,1.0000000000756328,1.0000000002769824,1.000000001023326,1.0000000038197994,1.0000000144336552,1.0000000553518136,1.0000002161757862,1.0000008639662123,1.0000035583500277,1.0000152657241905,1.0000693922354769,1.0003423888721552,1.0017771411428842,0.9977910985233067],"index":[0,1,2,3,4,5,6,7,8,9,10,11,12,13,14,15,16,17,18,19,20,21,22,23,24,25,26,27,28,29,30,31,32,33,34,35,36,37,38,39,40,41,42,43,44,45,46,47,48,49,50,51,52,53,54,55,56,57,58,59,60,61,62,63,64,65,66,67,68,69,70,71,72,73,74,75,76,77,78,79,80,81,82,83,84,85,86,87,88,89,90,91,92,93,94,95,96,97,98,99,100,101,102,103,104,105,106,107,108,109,110,111,112,113,114,115,116,117,118,119,120,121,122,123,124,125,126,127,128,129]}