{"density":[0.9977910985246325,1.001777141144108,1.0003423888718959,1.0000693922360249,1.0000152657229358,1.0000035583506475,1.0000008639662576,1.0000002161746087,1.0000000553502175,1.0000000144335006,1.0000000038266514,1.0000000010242673,1.0000000002745586,1.0000000000744207,1.0000000000177236,1.0000000000087672,1.0000000000080025,1.0000000000091265,0.9999999999856652,1.0000000000042393,0.9999999999979784,0.999999999993094,1.0000000000004905,1.000000000000091,1.0000000000099372,1.0000000000076301,0.9999999999851575,1.000000000001469,1.0000000000119404,0.9999999999936438,1.0000000000142582,1.0000000000188483,1.0000000000052034,1.000000000013973,1.0000000000154432,1.0000000000424212,0.999999999990705,0.9999999999708459,0.9999999999650003,0.9999999999741119,1.0000000000453741,0.9999999999284236,0.9999999999960144,1.0000000000194154,0.9999999999877605,1.0000000000071165,0.9999999999974224,1.0000000000014022,1.0000000000027993,1.000000000011376,1.0000000000101201,0.9999999999961547,0.9999999999956929,1.0000000000559066,0.9999999999875133,0.9999999999139126,1.0000000000178306,0.9999999999957382,1.0000000000103813,1.0000000000098734,1.0000000000047697,0.9999999999879005,1.0000000000258562,0.9999999999854365,0.9999999999995359,1.0000000000649802,0.9999999999843096,1.0000000000889007,1.00000000004283,1.0000000000002194,0.9999999999129319,0.999999999916871,0.9999999999388663,1.000000000097479,0.9999999999563672,0.9999999999910273,0.9999999999957653,0.9999999999964141,1.0000000000104279,0.9999999999837452,0.9999999999947526,1.000000000037913,1.0000000000243918,1.0000000000279876,0.9999999999348402,1.0000000000303366,0.9999999999705017,0.9999999999951763,1.0000000000009366,1.0000000000029268,0.9999999999901065,0.9999999999959168,1.0000000000043405,1.000000000000083,0.9999999999979167,1.0000000000030287,0.9999999999903667,1.0000000000090619,0.9999999999982829,0.9999999999882012,1.0000000000219373,0.999999999983537,1.000000000009141,1.000000000003954,1.000000000006541,1.0000000000234988,0.9999999999374668,1.0000000000082994,1.0000000000099207,1.0000000000053682,1.000000000001811,0.9999999999956736,1.0000000000038431,1.000000000008326,1.0000000000210192,1.0000000000766265,1.0000000002761373,1.0000000010186196,1.000000003822776,1.0000000144382561,1.0000000553510693,1.00000021617487,1.0000008639686493,1.0000035583446636,1.000015265718405,1.0000693922297685,1.0003423888799623,1.0017771411420455,0.9977910985273551],"index":[0,1,2,3,4,5,6,7,8,9,10,11,12,13,14,15,16,17,18,19,20,21,22,23,24,25,26,27,28,29,30,31,32,33,34,35,36,37,38,39,40,41,42,43,44,45,46,47,48,49,50,51,52,53,54,55,56,57,58,59,60,61,62,63,64,65,66,67,68,69,70,71,72,73,74,75,76,77,78,79,80,81,82,83,84,85,86,87,88,89,90,91,92,93,94,95,96,97,98,99,100,101,102,103,104,105,106,107,108,109,110,111,112,113,114,115,116,117,118,119,120,121,122,123,124,125,126,127,128,129]}