{"particles":{"0":255,"1":255,"2":255,"3":255,"4":255,"5":255,"6":255,"7":255,"8":255,"9":255,"10":255,"11":255,"12":255,"13":255,"14":255,"15":255,"16":255},"energy":{"0":254.0,"1":251.9128309486,"2":246.0856886471,"3":236.6676792881,"4":223.9482149645,"5":208.4290457212,"6":190.8348168886,"7":171.9157926619,"8":152.1486052898,"9":131.7831678037,"10":110.9664316816,"11":89.7948006908,"12":68.3360740896,"13":46.6402387929,"14":24.7454314454,"15":2.6815113856,"16":-19.5276634307},"t_val":{"0":0.0,"1":0.05,"2":0.1,"3":0.15,"4":0.2,"5":0.25,"6":0.3,"7":0.35,"8":0.4,"9":0.45,"10":0.5,"11":0.55,"12":0.6,"13":0.65,"14":0.7,"15":0.75,"16":0.8}}