{"particles":{"0":385,"1":385,"2":385,"3":385,"4":385,"5":385,"6":385,"7":385,"8":385,"9":385,"10":385,"11":385,"12":385,"13":385,"14":385,"15":385,"16":385},"energy":{"0":774.0,"1":769.8792438228,"2":758.7698727314,"3":741.9993472526,"4":721.2620805564,"5":697.5245838018,"6":672.9765160561,"7":647.7464122175,"8":622.0932175609,"9":596.152288709,"10":570.004721691,"11":543.7023173474,"12":517.280572246,"13":490.7640697105,"14":464.1712483847,"15":437.5161642365,"16":410.8084962045},"t_val":{"0":0.0,"1":0.05,"2":0.1,"3":0.15,"4":0.2,"5":0.25,"6":0.3,"7":0.35,"8":0.4,"9":0.45,"10":0.5,"11":0.55,"12":0.6,"13":0.65,"14":0.7,"15":0.75,"16":0.8}}