{"particles":{"0":129,"1":129,"2":129,"3":129,"4":129,"5":129,"6":129,"7":129,"8":129,"9":129,"10":129,"11":129,"12":129,"13":129,"14":129,"15":129,"16":129},"energy":{"0":2.0,"1":1.179817986,"2":-0.9128846197,"3":-4.2488231417,"4":-8.7975517229,"5":-14.5170431513,"6":-21.3389508235,"7":-29.1771460381,"8":-37.9063930551,"9":-47.3921807264,"10":-57.4477566857,"11":-67.9533646909,"12":-78.7751867401,"13":-89.8228132083,"14":-101.0765900087,"15":-112.4808467228,"16":-124.0260056032},"t_val":{"0":0.0,"1":0.05,"2":0.1,"3":0.15,"4":0.2,"5":0.25,"6":0.3,"7":0.35,"8":0.4,"9":0.45,"10":0.5,"11":0.55,"12":0.6,"13":0.65,"14":0.7,"15":0.75,"16":0.8}}