{"particles":{"0":257,"1":257,"2":257,"3":257,"4":257,"5":257,"6":257,"7":257,"8":257,"9":257,"10":257,"11":257,"12":257,"13":257,"14":257,"15":257,"16":257},"energy":{"0":260.0,"1":257.8193350006,"2":251.8838648327,"3":242.3468816861,"4":229.5321003474,"5":213.8731531362,"6":196.16534885113458,"7":176.3057383158,"8":156.1612515642,"9":135.4514333283,"10":114.3054275597,"11":92.8130996434,"12":71.0350812056,"13":49.0223083326,"14":26.8114851678,"15":4.4330523971,"16":-18.0892587347},"t_val":{"0":0.0,"1":0.05,"2":0.1,"3":0.15,"4":0.2,"5":0.25,"6":0.3,"7":0.35,"8":0.4,"9":0.45,"10":0.5,"11":0.55,"12":0.6,"13":0.65,"14":0.7,"15":0.75,"16":0.8}}