{"particles":{"0":384,"1":384,"2":384,"3":384,"4":384,"5":384,"6":384,"7":384,"8":384,"9":384,"10":384,"11":384,"12":384,"13":384,"14":384,"15":384,"16":384},"energy":{"0":768.0,"1":764.2317962444,"2":753.4096536563,"3":736.8371104692,"4":716.2326266266,"5":692.5674713396,"6":668.0217946807,"7":642.7736452042,"8":617.0967134557,"9":591.1288148233,"10":564.9518671965,"11":538.6183519733,"12":512.1638320174,"13":485.6135175954,"14":458.9857849523,"15":432.2945893001,"16":405.5506314377},"t_val":{"0":0.0,"1":0.05,"2":0.1,"3":0.15,"4":0.2,"5":0.25,"6":0.3,"7":0.35,"8":0.4,"9":0.45,"10":0.5,"11":0.55,"12":0.6,"13":0.65,"14":0.7,"15":0.75,"16":0.8}}