{"particles":{"0":256,"1":256,"2":256,"3":256,"4":256,"5":256,"6":256,"7":256,"8":256,"9":256,"10":256,"11":256,"12":256,"13":256,"14":256,"15":256,"16":256},"energy":{"0":256.0,"1":254.0982957144,"2":248.4347759269,"3":239.1494798268,"4":226.5254813459,"5":211.054803105,"6":193.461908006,"7":173.741380043,"8":153.678306018,"9":133.0521172517,"10":111.9811513635,"11":90.5638445071,"12":68.8631665842,"13":46.9261725961,"14":24.7902464307,"15":2.4867359876,"16":-19.9607618097},"t_val":{"0":0.0,"1":0.05,"2":0.1,"3":0.15,"4":0.2,"5":0.25,"6":0.3,"7":0.35,"8":0.4,"9":0.45,"10":0.5,"11":0.55,"12":0.6,"13":0.65,"14":0.7,"15":0.75,"16":0.8}}