{"particles":{"0":385,"1":385,"2":385,"3":385,"4":385,"5":385,"6":385,"7":385,"8":385,"9":385,"10":385,"11":385,"12":385,"13":385,"14":385,"15":385,"16":385},"energy":{"0":774.0,"1":769.8665578163,"2":758.7535360726,"3":741.9712916266,"4":721.2412198406,"5":698.1649092693,"6":673.8362680298,"7":648.8134974574,"8":623.3598809924,"9":597.6145378363,"10":571.6598096582,"11":545.5484316797,"12":519.3161383328,"13":492.9881957,"14":466.5830739478,"15":440.1146438611,"16":413.5935569117},"t_val":{"0":0.0,"1":0.05,"2":0.1,"3":0.15,"4":0.2,"5":0.25,"6":0.3,"7":0.35,"8":0.4,"9":0.45,"10":0.5,"11":0.55,"12":0.6,"13":0.65,"14":0.7,"15":0.75,"16":0.8}}