{"particles":{"0":255,"1":255,"2":255,"3":255,"4":255,"5":255,"6":255,"7":255,"8":255,"9":255,"10":255,"11":255,"12":255,"13":255,"14":255,"15":255,"16":255},"energy":{"0":254.0,"1":251.9261384655,"2":246.1027995527,"3":236.6920641066,"4":223.99117565,"5":208.4849501197,"6":190.9209082126,"7":171.2132631567,"8":151.2232119871,"9":130.6661262193,"10":109.6752197707,"11":88.3330409834,"12":66.7080155528,"13":44.8467036666,"14":22.7861455748,"15":0.558290919,"16":-21.814096776},"t_val":{"0":0.0,"1":0.05,"2":0.1,"3":0.15,"4":0.2,"5":0.25,"6":0.3,"7":0.35,"8":0.4,"9":0.45,"10":0.5,"11":0.55,"12":0.6,"13":0.65,"14":0.7,"15":0.75,"16":0.8}}