{"particles":{"0":256,"1":256,"2":256,"3":256,"4":256,"5":256,"6":256,"7":256,"8":256,"9":256,"10":256,"11":256,"12":256,"13":256,"14":256,"15":256,"16":256},"energy":{"0":256.0,"1":254.0982957138,"2":248.4347759264,"3":239.1494798259,"4":226.5251763271,"5":211.0485674812,"6":193.4329843229,"7":174.450822687,"8":154.6109830363,"9":134.1708904076,"10":113.2788882503,"11":92.0318498079,"12":70.497793897,"13":48.7268221258,"14":26.757130898,"15":4.6186082104,"16":-17.6648783607},"t_val":{"0":0.0,"1":0.05,"2":0.1,"3":0.15,"4":0.2,"5":0.25,"6":0.3,"7":0.35,"8":0.4,"9":0.45,"10":0.5,"11":0.55,"12":0.6,"13":0.65,"14":0.7,"15":0.75,"16":0.8}}