{"particles":{"0":384,"1":384,"2":384,"3":384,"4":384,"5":384,"6":384,"7":384,"8":384,"9":384,"10":384,"11":384,"12":384,"13":384,"14":384,"15":384,"16":384},"energy":{"0":768.0,"1":764.231796244,"2":753.4096536557,"3":736.8371104644,"4":716.2324097259,"5":693.2055462402,"6":668.8782391007,"7":643.8396624764,"8":618.36386687,"9":592.59274667,"10":566.6097159054,"11":540.4680991715,"12":514.204019403,"13":487.8430228392,"14":461.4037916501,"15":434.9003618547,"16":408.3435164121},"t_val":{"0":0.0,"1":0.05,"2":0.1,"3":0.15,"4":0.2,"5":0.25,"6":0.3,"7":0.35,"8":0.4,"9":0.45,"10":0.5,"11":0.55,"12":0.6,"13":0.65,"14":0.7,"15":0.75,"16":0.8}}