{"particles":{"0":382,"1":382,"2":382,"3":382,"4":382,"5":382,"6":382,"7":382,"8":382,"9":382,"10":382,"11":382,"12":382,"13":382,"14":382,"15":382,"16":382},"energy":{"0":764.0,"1":759.9690640509,"2":748.916644048,"3":732.1713941017,"4":711.2495630919,"5":687.6768745736,"6":663.0985787768,"7":637.8279720774,"8":612.1276908483,"9":586.1340833711,"10":559.9293224497,"11":533.5662184587,"12":507.0806520522,"13":480.4980823416,"14":453.8371420079,"15":427.1118000658,"16":400.3328846301},"t_val":{"0":0.0,"1":0.05,"2":0.1,"3":0.15,"4":0.2,"5":0.25,"6":0.3,"7":0.35,"8":0.4,"9":0.45,"10":0.5,"11":0.55,"12":0.6,"13":0.65,"14":0.7,"15":0.75,"16":0.8}}