{"particles":{"0":127,"1":127,"2":127,"3":127,"4":127,"5":127,"6":127,"7":127,"8":127,"9":127,"10":127,"11":127,"12":127,"13":127,"14":127,"15":127,"16":127},"energy":{"0":0.0,"1":-0.7278536249,"2":-2.7110653928,"3":-5.9324392033,"4":-10.3625726233,"5":-15.9557790236,"6":-22.6475962992,"7":-30.3488614196,"8":-38.9411768911,"9":-48.2791757366,"10":-58.1981982681,"11":-68.5438294919,"12":-79.2022598485,"13":-90.099025622,"14":-101.1843727771,"15":-112.4232062714,"16":-123.7896364157},"t_val":{"0":0.0,"1":0.05,"2":0.1,"3":0.15,"4":0.2,"5":0.25,"6":0.3,"7":0.35,"8":0.4,"9":0.45,"10":0.5,"11":0.55,"12":0.6,"13":0.65,"14":0.7,"15":0.75,"16":0.8}}