{"particles":{"0":[128],"1":[128],"2":[128],"3":[128],"4":[128],"5":[128],"6":[128],"7":[128],"8":[128],"9":[128],"10":[128],"11":[128],"12":[128],"13":[128],"14":[128],"15":[128],"16":[128]},"energy":{"0":[0.0],"1":[-0.6345919012],"2":[-2.5333821335],"3":[-5.6807597527],"4":[-10.0485719294],"5":[-15.5930882455],"6":[-22.2511017779],"7":[-29.9356294121],"8":[-38.5321690515],"9":[-47.8971103211],"10":[-57.8644106609],"11":[-68.2722675241],"12":[-79.0023660952],"13":[-89.9764882495],"14":[-101.1427463874],"15":[-112.461053151],"16":[-123.914944218]},"t_val":{"0":[0.0],"1":[0.05],"2":[0.1],"3":[0.15],"4":[0.2],"5":[0.25],"6":[0.3],"7":[0.35],"8":[0.4],"9":[0.45],"10":[0.5],"11":[0.55],"12":[0.6],"13":[0.65],"14":[0.7],"15":[0.75],"16":[0.8]}}