{"particles":{"0":383,"1":383,"2":383,"3":383,"4":383,"5":383,"6":383,"7":383,"8":383,"9":383,"10":383,"11":383,"12":383,"13":383,"14":383,"15":383,"16":383},"energy":{"0":764.0,"1":759.9549366823,"2":748.897963399,"3":732.1414087447,"4":711.4115791436,"5":688.3176669207,"6":663.9590439852,"7":638.8973162742,"8":613.3978385928,"9":587.6011854213,"10":561.5907743164,"11":535.420154374,"12":509.1256861596,"13":482.7331247365,"14":456.2613271344,"15":429.7244739839,"16":403.1334675859},"t_val":{"0":0.0,"1":0.05,"2":0.1,"3":0.15,"4":0.2,"5":0.25,"6":0.3,"7":0.35,"8":0.4,"9":0.45,"10":0.5,"11":0.55,"12":0.6,"13":0.65,"14":0.7,"15":0.75,"16":0.8}}