{"particles":{"0":127,"1":127,"2":127,"3":127,"4":127,"5":127,"6":127,"7":127,"8":127,"9":127,"10":127,"11":127,"12":127,"13":127,"14":127,"15":127,"16":127},"energy":{"0":0.0,"1":-0.722992765,"2":-2.703207155,"3":-5.9220758905,"4":-10.3504433145,"5":-15.9425502985,"6":-22.6306916242,"7":-30.3296320478,"8":-38.9143369542,"9":-48.2528730795,"10":-58.1690826323,"11":-68.5107657475,"12":-79.1640451378,"13":-90.0666258501,"14":-101.1479732227,"15":-112.3862653218,"16":-123.7553320492},"t_val":{"0":0.0,"1":0.05,"2":0.1,"3":0.15,"4":0.2,"5":0.25,"6":0.3,"7":0.35,"8":0.4,"9":0.45,"10":0.5,"11":0.55,"12":0.6,"13":0.65,"14":0.7,"15":0.75,"16":0.8}}