{"particles":{"0":257,"1":257,"2":257,"3":257,"4":257,"5":257,"6":257,"7":257,"8":257,"9":257,"10":257,"11":257,"12":257,"13":257,"14":257,"15":257,"16":257},"energy":{"0":260.0,"1":257.8070310332,"2":251.8645510338,"3":242.3216137113,"4":229.4699316925,"5":213.8118812741,"6":196.0735255725,"7":177.0074804551,"8":157.0912428763,"9":136.5755614481,"10":115.6080902359,"11":94.2857056696,"12":72.6765009003,"13":50.830635886,"14":28.7863412126,"15":6.573519481,"16":-15.7839593139},"t_val":{"0":0.0,"1":0.05,"2":0.1,"3":0.15,"4":0.2,"5":0.25,"6":0.3,"7":0.35,"8":0.4,"9":0.45,"10":0.5,"11":0.55,"12":0.6,"13":0.65,"14":0.7,"15":0.75,"16":0.8}}