{"particles":{"0":128,"1":128,"2":128,"3":128,"4":128,"5":128,"6":128,"7":128,"8":128,"9":128,"10":128,"11":128,"12":128,"13":128,"14":128,"15":128,"16":128},"energy":{"0":0.0,"1":-0.6345919012,"2":-2.5333821335,"3":-5.6807597529,"4":-10.0485719297,"5":-15.593088246,"6":-22.2511017787,"7":-29.9356294142,"8":-38.5321914738,"9":-47.8979767917,"10":-57.8690551379,"11":-68.2842108864,"12":-79.0199902623,"13":-89.997550715,"14":-101.1657555252,"15":-112.488967229,"16":-123.9410035018},"t_val":{"0":0.0,"1":0.05,"2":0.1,"3":0.15,"4":0.2,"5":0.25,"6":0.3,"7":0.35,"8":0.4,"9":0.45,"10":0.5,"11":0.55,"12":0.6,"13":0.65,"14":0.7,"15":0.75,"16":0.8}}