{"particles":{"0":129,"1":129,"2":129,"3":129,"4":129,"5":129,"6":129,"7":129,"8":129,"9":129,"10":129,"11":129,"12":129,"13":129,"14":129,"15":129,"16":129},"energy":{"0":2.0,"1":1.1694813015,"2":-0.9245941914,"3":-4.2623572542,"4":-8.8140974828,"5":-14.5353099919,"6":-21.3604973884,"7":-29.200403954,"8":-37.9369166528,"9":-47.4243451117,"10":-57.4970630882,"11":-67.9999404273,"12":-78.8190048165,"13":-89.8796052092,"14":-101.1316703248,"15":-112.5397627297,"16":-124.0776762314},"t_val":{"0":0.0,"1":0.05,"2":0.1,"3":0.15,"4":0.2,"5":0.25,"6":0.3,"7":0.35,"8":0.4,"9":0.45,"10":0.5,"11":0.55,"12":0.6,"13":0.65,"14":0.7,"15":0.75,"16":0.8}}