{"density":[0.6417295576657371,0.9444064612582843,0.9896904253065212,0.9962092404367753,0.9973464523499498,0.9976556846455973,0.9977924732095832,0.9978721769560237,0.9979245902708649,0.9979612983723067,0.997988106859279,0.9980083169628604,0.9980239480727721,0.9980362970017722,0.9980462290103844,0.998054341113602,0.9980610571176052,0.9980666826249086,0.9980714445685492,0.9980755141803899,0.9980790228909038,0.9980820729484253,0.998084745388267,0.9980871061766917,0.998089209389602,0.9980910983582207,0.9980928147700789,0.9980943926809632,0.9980958636265334,0.9980972822733449,0.998098677273043,0.9981001137259922,0.9981016898835768,0.9981035758867567,0.9981061017757255,0.998109996669501,0.9981178848357952,0.9981425901592412,0.9982673383408087,0.9991018366174317,1.0053010886608031,1.052553659575401,1.4177911608116762,1.0525541628608401,1.0053022964419125,0.9991038865223127,0.9982701393956218,0.9981461499134076,0.9981222301936754,0.9981151516050086,0.9981121021757927,0.9981104930308469,0.9981095618222132,0.9981089978233215,0.9981086477966543,0.9981084279658814,0.998108289549191,0.9981082029654943,0.9981081499100584,0.9981081193170461,0.9981081024123395,0.9981080996958471,0.9981080893764848,0.9981080967963935,0.9981081093172275,0.9981081222695652,0.9981081358443448,0.9981081522802526,0.9981081753598423,0.9981082108922752,0.99810826794504,0.9981083620742213,0.9981085064454723,0.9981087409096201,0.9981090983158277,0.9981096737043436,0.9981106218690868,0.9981122505914413,0.9981153194057938,0.9981224064616703,0.9981463360715332,0.9982703313814884,0.9991040913148316,1.005302606418113,1.0525544190076614,1.4177913262810766,1.0525539350098052,1.0053014257908264,0.9991022680707059,0.9982677926201411,0.9981430973131296,0.9981184415120813,0.998110595805527,0.9981067348648972,0.9981042751610611,0.9981024497158338,0.9981009403460432,0.9980995843387619,0.998098287194204,0.9980969884140635,0.9980956428333745,0.9980942125502651,0.9980926728038995,0.9980909770304768,0.9980891079151194,0.9980870225344584,0.9980846764495737,0.9980820129821141,0.9980789696441281,0.9980754658938659,0.9980713995727507,0.9980666398073488,0.9980610159396598,0.9980543013577826,0.9980461899115333,0.9980362587854131,0.9980239108233034,0.9980082810190712,0.9979880727070289,0.9979612650052099,0.9979245572244755,0.9978721443294617,0.9977924419464109,0.9976556531708444,0.9973464272921768,0.9962092141728839,0.9896903961419479,0.9444064370371604,0.6417295345278998],"index":[0,1,2,3,4,5,6,7,8,9,10,11,12,13,14,15,16,17,18,19,20,21,22,23,24,25,26,27,28,29,30,31,32,33,34,35,36,37,38,39,40,41,42,43,44,45,46,47,48,49,50,51,52,53,54,55,56,57,58,59,60,61,62,63,64,65,66,67,68,69,70,71,72,73,74,75,76,77,78,79,80,81,82,83,84,85,86,87,88,89,90,91,92,93,94,95,96,97,98,99,100,101,102,103,104,105,106,107,108,109,110,111,112,113,114,115,116,117,118,119,120,121,122,123,124,125,126,127,128,129]}