{"density":[0.6324442301156581,0.9354837998667094,0.9811567978414844,0.9877933087943614,0.988971766849874,0.9893014257134604,0.9894512413760531,0.9895403137446582,0.9895998652430733,0.9896422064193688,0.9896735738344885,0.9896975476960234,0.9897163359473332,0.9897313688946435,0.9897436083506054,0.9897537251795486,0.9897621959042933,0.9897693691545733,0.9897755051323303,0.9897808013039329,0.9897854101463868,0.9897894519502225,0.9897930221942294,0.9897961985555093,0.989799045635665,0.9898016169826481,0.9898039628044054,0.9898061293681647,0.9898081598871379,0.9898101111750509,0.9898120370593094,0.9898140253722846,0.9898162052588343,0.9898188092985657,0.9898222846753815,0.9898278000424175,0.9898395020520878,0.9898793854101821,0.9900947710796874,0.9915799387582598,1.002769073451527,1.09006487371076,1.8415192233127906,1.0900654551738318,1.002770671709662,0.9915826021870875,0.9900984680433459,0.9898841477821099,0.9898453916314457,0.9898348507036417,0.9898305496765144,0.9898283467260067,0.9898270979811441,0.989826357061616,0.9898259081269225,0.9898256344192531,0.9898254684104534,0.9898253691593742,0.9898253110148111,0.9898252779294617,0.9898252612013364,0.989825253636029,0.9898252562937568,0.9898252540833944,0.9898252682625505,0.9898252696961031,0.9898252849726704,0.9898253154440564,0.9898253498366602,0.9898253959172226,0.9898254748641009,0.9898256021367692,0.9898257963032845,0.9898260965457705,0.9898265703288907,0.9898273345320122,0.9898286048601281,0.9898308271186717,0.9898351420694412,0.989845701996373,0.9898844825306701,0.9900988249664779,0.9915829689724468,1.0027710770939848,1.0900658287738996,1.8415193462133148,1.0900652452570945,1.0027695929213565,0.991580537343226,0.9900954097371448,0.9898800881825179,0.9898402785107302,0.9898286417722858,0.9898232030113028,0.9898197995638084,0.9898172907133499,0.9898152163680308,0.9898133503149537,0.9898115591381351,0.9898097601580288,0.9898078994104355,0.9898059324535247,0.9898038121623595,0.9898014988134328,0.9897989493284314,0.9897961155771856,0.9897929510506618,0.9897893911273322,0.9897853577956925,0.9897807556488273,0.9897754647342291,0.98976933352271,0.9897621627699005,0.9897536974684555,0.9897435823079788,0.9897313439705641,0.9897163133601993,0.9896975275699083,0.9896735568108669,0.989642191795335,0.9895998512969748,0.9895402996680243,0.9894512284484737,0.9893014117517898,0.9889717604175486,0.987793301228996,0.9811567877164717,0.9354837970284152,0.6324442298427266],"index":[0,1,2,3,4,5,6,7,8,9,10,11,12,13,14,15,16,17,18,19,20,21,22,23,24,25,26,27,28,29,30,31,32,33,34,35,36,37,38,39,40,41,42,43,44,45,46,47,48,49,50,51,52,53,54,55,56,57,58,59,60,61,62,63,64,65,66,67,68,69,70,71,72,73,74,75,76,77,78,79,80,81,82,83,84,85,86,87,88,89,90,91,92,93,94,95,96,97,98,99,100,101,102,103,104,105,106,107,108,109,110,111,112,113,114,115,116,117,118,119,120,121,122,123,124,125,126,127,128,129]}