{"density":[0.6511118761643988,0.9534339542316139,0.9983369379679178,1.0047426743302514,1.0058417263996937,1.0061328107936054,1.0062583539163839,1.006330140862303,1.006376627876131,1.006408733162128,1.0064318695478116,1.0064490883339035,1.0064622386218587,1.0064724996477286,1.0064806533710735,1.0064872334056207,1.0064926148014717,1.0064970682284944,1.0065007939219517,1.0065039380949639,1.006506613609308,1.0065089081725616,1.0065108889312868,1.0065126086705585,1.0065141098967367,1.0065154270339516,1.0065165890008565,1.0065176185976998,1.006518531888836,1.0065193441350953,1.006520068381859,1.006520717173659,1.0065213002930034,1.0065218258949593,1.00652229988862,1.0065227283031835,1.006523116344428,1.0065234676088615,1.0065237879423197,1.0065240789182779,1.0065243434688504,1.0065245840370722,1.0065248031114709,1.0065250029598372,1.0065251856304167,1.0065253529356921,1.006525506437207,1.0065256474623305,1.0065257771530134,1.0065258965242163,1.006526006510888,1.0065261079888865,1.0065262017496257,1.0065262883839712,1.0065263679282657,1.0065264370788698,1.0065265012962832,1.0065265495972424,1.0065265976962945,1.0065266240618596,1.0065266427451856,1.0065266610013075,1.0065266708411784,1.0065266762217324,1.006526677640133,1.0065266743353742,1.00652666462863,1.0065266478954211,1.0065266300804976,1.0065265930834264,1.0065265526843186,1.006526493892222,1.0065264294791456,1.0065263615217503,1.0065262894496931,1.0065262123703302,1.0065261293145362,1.0065260393202229,1.0065259414490646,1.0065258347719928,1.006525718344812,1.0065255911816984,1.006525452228049,1.006525300332295,1.0065251342165287,1.006524952448329,1.0065247534163915,1.0065245353092835,1.0065242960893463,1.0065240334451933,1.0065237446971644,1.0065234265902538,1.0065230750044163,1.0065226858185459,1.0065222532115907,1.0065217802945199,1.0065212568241402,1.0065206727064893,1.006520022071723,1.0065192957399625,1.0065184825778442,1.0065175679090836,1.0065165409323518,1.0065153803097835,1.0065140627445286,1.006512561530463,1.0065108440110913,1.0065088645977824,1.0065065729095224,1.0065038969424178,1.0065007522844172,1.0064970259900234,1.006492570936247,1.0064871877261063,1.006480605813599,1.006472449653015,1.0064621859794836,1.0064490333308767,1.0064318126668808,1.0064086741202185,1.0063765655448844,1.0063300753802105,1.0062582869068442,1.0061327408307217,1.0058416637506218,1.0047426070311418,0.9983368585217121,0.9534338803655539,0.6511117996284537],"index":[0,1,2,3,4,5,6,7,8,9,10,11,12,13,14,15,16,17,18,19,20,21,22,23,24,25,26,27,28,29,30,31,32,33,34,35,36,37,38,39,40,41,42,43,44,45,46,47,48,49,50,51,52,53,54,55,56,57,58,59,60,61,62,63,64,65,66,67,68,69,70,71,72,73,74,75,76,77,78,79,80,81,82,83,84,85,86,87,88,89,90,91,92,93,94,95,96,97,98,99,100,101,102,103,104,105,106,107,108,109,110,111,112,113,114,115,116,117,118,119,120,121,122,123,124,125,126,127,128,129]}