{"density":[0.6240814497338169,0.9274553316764524,0.9734877656178089,0.9802340504285294,0.9814514787683815,0.9818005213952254,0.9819625565451525,0.9820602926970736,0.9821262811029996,0.9821735421253369,0.9822087435949894,0.9822357415443839,0.9822569350077848,0.9822738840229244,0.9822876524135843,0.9822989830923126,0.9823084101301027,0.9823163258595521,0.9823230258551279,0.9823287369460404,0.9823336310546976,0.9823378524174892,0.9823415066803912,0.9823446906322645,0.9823474744412956,0.9823499224033051,0.9823520953381574,0.9823540319323639,0.9823557909835232,0.9823574112934815,0.9823589678381077,0.9823605060182438,0.9823621676716714,0.9823641318572708,0.9823668098526366,0.9823712546362833,0.9823818961457765,0.9824246737080643,0.9826825144167851,0.9845453938262135,0.9989088153875144,1.1149178199933125,2.244159234230912,1.114918384143284,0.998910076250131,0.984547518439332,0.9826854204844047,0.9824283902733779,0.9823864487260776,0.9823766874808324,0.9823731703174092,0.9823715029579172,0.9823706241206831,0.9823701559144743,0.982369902767837,0.9823697911622173,0.9823697442156332,0.9823697467678759,0.9823697788821897,0.9823698214501589,0.982369864265975,0.9823699031602567,0.9823699354592922,0.9823699617470538,0.9823699848795056,0.9823699966611291,0.9823700190757325,0.9823700245586123,0.9823700319926054,0.9823700435910447,0.9823700624448919,0.9823701001548107,0.9823701797408464,0.9823703353793188,0.9823706232505232,0.9823711371789314,0.9823720498133761,0.9823737445430537,0.9823772814324458,0.9823870764437227,0.9824290556414996,0.9826861296393742,0.9845482671750528,0.9989109346098228,1.1149190816997205,2.244159543202544,1.114918553601104,0.9989098392639981,0.9845466050057246,0.9826837503795085,0.9824259646151585,0.9823832496202428,0.9823726859069373,0.9823683276991022,0.98236577356696,0.9823639297833553,0.9823624066142004,0.9823610129615168,0.9823596428735311,0.9823582166013393,0.9823566837219021,0.9823549971107358,0.9823531124404197,0.9823509896172888,0.9823485797866995,0.9823458333658943,0.9823426834384273,0.9823390553741159,0.9823348603806304,0.9823299922741396,0.9823243032730795,0.9823176260503778,0.9823097310513458,0.9823003232943172,0.9822890111815237,0.9822752565613873,0.9822583225964796,0.9822371481587188,0.9822101684355058,0.9821749846344715,0.9821277378634086,0.9820617674991579,0.9819640594244095,0.9818020120506908,0.9814530021594592,0.9802355775251453,0.973489291459037,0.9274569532499339,0.6240831441163257],"index":[0,1,2,3,4,5,6,7,8,9,10,11,12,13,14,15,16,17,18,19,20,21,22,23,24,25,26,27,28,29,30,31,32,33,34,35,36,37,38,39,40,41,42,43,44,45,46,47,48,49,50,51,52,53,54,55,56,57,58,59,60,61,62,63,64,65,66,67,68,69,70,71,72,73,74,75,76,77,78,79,80,81,82,83,84,85,86,87,88,89,90,91,92,93,94,95,96,97,98,99,100,101,102,103,104,105,106,107,108,109,110,111,112,113,114,115,116,117,118,119,120,121,122,123,124,125,126,127,128,129]}